CustomerID,CustomerName,Country,State,City,Region,CustomerType,Email
C0001,Aisha Mehta,UK,Scotland,Edinburgh,Central,Distributor,aisha.mehta1@example.com
C0002,Suresh Verma,UK,England,London,North,Retail,suresh.verma2@example.com
C0003,Simran Patel,India,Maharashtra,Mumbai,Central,Distributor,simran.patel3@example.com
C0004,Karan Malhotra,Canada,Ontario,Toronto,North,Retail,karan.malhotra4@example.com
C0005,Rahul Singh,India,West Bengal,Kolkata,North,Wholesale,rahul.singh5@example.com
C0006,Pooja Kumar,Canada,Ontario,Toronto,Central,Retail,pooja.kumar6@example.com
C0007,Sneha Kumar,Australia,Victoria,Melbourne,East,Wholesale,sneha.kumar7@example.com
C0008,Raj Nair,UK,England,London,East,Distributor,raj.nair8@example.com
C0009,Suresh Chopra,Germany,Berlin,Berlin,West,Online,suresh.chopra9@example.com
C0010,Ritu Iyer,India,Maharashtra,Mumbai,West,Retail,ritu.iyer10@example.com
C0011,Ramesh Rao,USA,Texas,Houston,South,Online,ramesh.rao11@example.com
C0012,Ritu Kumar,USA,Texas,Houston,East,Wholesale,ritu.kumar12@example.com
C0013,Vijay Khan,Canada,Quebec,Montreal,Central,Retail,vijay.khan13@example.com
C0014,Raj Khan,Canada,Quebec,Montreal,North,Wholesale,raj.khan14@example.com
C0015,Neha Kumar,India,West Bengal,Kolkata,South,Online,neha.kumar15@example.com
C0016,Neha Bose,USA,Texas,Houston,South,Online,neha.bose16@example.com
C0017,Karan Mehta,UK,England,London,North,Distributor,karan.mehta17@example.com
C0018,Rahul Gupta,India,Maharashtra,Mumbai,East,Wholesale,rahul.gupta18@example.com
C0019,Raj Gupta,USA,Illinois,Chicago,Central,Distributor,raj.gupta19@example.com
C0020,Karan Sharma,India,Maharashtra,Mumbai,South,Retail,karan.sharma20@example.com
C0021,Rahul Patel,Canada,Ontario,Toronto,West,Wholesale,rahul.patel21@example.com
C0022,Amit Gupta,UK,England,London,East,Wholesale,amit.gupta22@example.com
C0023,Raj Verma,Germany,Bavaria,Munich,East,Distributor,raj.verma23@example.com
C0024,Sneha Nair,USA,New York,New York,South,Wholesale,sneha.nair24@example.com
C0025,Ritu Joshi,India,Delhi,New Delhi,East,Distributor,ritu.joshi25@example.com
C0026,Aisha Chopra,Germany,Bavaria,Munich,East,Wholesale,aisha.chopra26@example.com
C0027,Aisha Nair,India,Tamil Nadu,Chennai,North,Distributor,aisha.nair27@example.com
C0028,Priya Verma,Australia,Victoria,Melbourne,East,Wholesale,priya.verma28@example.com
C0029,Priya Sharma,Germany,Bavaria,Munich,West,Online,priya.sharma29@example.com
C0030,Neha Khan,India,Karnataka,Bengaluru,East,Distributor,neha.khan30@example.com
C0031,Raj Khan,Canada,Quebec,Montreal,North,Retail,raj.khan31@example.com
C0032,Ritu Gupta,USA,Texas,Houston,North,Retail,ritu.gupta32@example.com
C0033,Sneha Joshi,UK,Scotland,Edinburgh,West,Retail,sneha.joshi33@example.com
C0034,Pooja Malhotra,Canada,Ontario,Toronto,East,Retail,pooja.malhotra34@example.com
C0035,Simran Joshi,India,West Bengal,Kolkata,Central,Wholesale,simran.joshi35@example.com
C0036,Ankit Joshi,India,Karnataka,Bengaluru,Central,Online,ankit.joshi36@example.com
C0037,Raj Khan,India,Karnataka,Bengaluru,Central,Online,raj.khan37@example.com
C0038,Raj Joshi,UK,Scotland,Edinburgh,East,Wholesale,raj.joshi38@example.com
C0039,Priya Joshi,Germany,Berlin,Berlin,South,Online,priya.joshi39@example.com
C0040,Pooja Rao,India,Karnataka,Bengaluru,East,Wholesale,pooja.rao40@example.com
C0041,Pooja Iyer,Canada,Quebec,Montreal,West,Distributor,pooja.iyer41@example.com
C0042,Vijay Chopra,USA,Illinois,Chicago,South,Retail,vijay.chopra42@example.com
C0043,Neha Rao,Germany,Berlin,Berlin,North,Wholesale,neha.rao43@example.com
C0044,Raj Gupta,USA,New York,New York,South,Retail,raj.gupta44@example.com
C0045,Amit Verma,Australia,New South Wales,Sydney,West,Distributor,amit.verma45@example.com
C0046,Ritu Chopra,Canada,Ontario,Toronto,West,Distributor,ritu.chopra46@example.com
C0047,Pooja Verma,USA,California,San Francisco,North,Distributor,pooja.verma47@example.com
C0048,Priya Singh,Germany,Berlin,Berlin,North,Wholesale,priya.singh48@example.com
C0049,Ritu Khan,India,Tamil Nadu,Chennai,South,Distributor,ritu.khan49@example.com
C0050,Raj Rao,Canada,Quebec,Montreal,West,Distributor,raj.rao50@example.com
C0051,Rahul Malhotra,Canada,Quebec,Montreal,South,Distributor,rahul.malhotra51@example.com
C0052,Vijay Gupta,USA,Texas,Houston,Central,Distributor,vijay.gupta52@example.com
C0053,Raj Verma,UK,Scotland,Edinburgh,North,Online,raj.verma53@example.com
C0054,Priya Gupta,UK,Scotland,Edinburgh,Central,Retail,priya.gupta54@example.com
C0055,Suresh Singh,USA,Illinois,Chicago,South,Wholesale,suresh.singh55@example.com
C0056,Ramesh Joshi,Australia,Victoria,Melbourne,Central,Distributor,ramesh.joshi56@example.com
C0057,Pooja Sharma,USA,Illinois,Chicago,West,Retail,pooja.sharma57@example.com
C0058,Rahul Malhotra,Canada,Quebec,Montreal,West,Retail,rahul.malhotra58@example.com
C0059,Ankit Gupta,Australia,Victoria,Melbourne,Central,Wholesale,ankit.gupta59@example.com
C0060,Vijay Verma,UK,Scotland,Edinburgh,West,Retail,vijay.verma60@example.com
C0061,Pooja Patel,Germany,Berlin,Berlin,South,Distributor,pooja.patel61@example.com
C0062,Ritu Singh,Canada,Ontario,Toronto,West,Retail,ritu.singh62@example.com
C0063,Ramesh Chopra,Australia,New South Wales,Sydney,West,Wholesale,ramesh.chopra63@example.com
C0064,Amit Gupta,Australia,Victoria,Melbourne,South,Distributor,amit.gupta64@example.com
C0065,Ankit Patel,Australia,Victoria,Melbourne,West,Online,ankit.patel65@example.com
C0066,Rahul Kumar,Australia,New South Wales,Sydney,Central,Retail,rahul.kumar66@example.com
C0067,Ankit Verma,Germany,Bavaria,Munich,North,Retail,ankit.verma67@example.com
C0068,Priya Verma,India,West Bengal,Kolkata,South,Wholesale,priya.verma68@example.com
C0069,Suresh Mehta,Germany,Bavaria,Munich,Central,Wholesale,suresh.mehta69@example.com
C0070,Vijay Nair,UK,Scotland,Edinburgh,South,Retail,vijay.nair70@example.com
C0071,Aisha Khan,USA,Texas,Houston,North,Retail,aisha.khan71@example.com
C0072,Ritu Gupta,Canada,Quebec,Montreal,West,Wholesale,ritu.gupta72@example.com
C0073,Ramesh Bose,Germany,Bavaria,Munich,North,Online,ramesh.bose73@example.com
C0074,Rahul Chopra,Canada,Ontario,Toronto,Central,Retail,rahul.chopra74@example.com
C0075,Ankit Rao,Australia,Victoria,Melbourne,North,Online,ankit.rao75@example.com
C0076,Amit Khan,Australia,Victoria,Melbourne,North,Distributor,amit.khan76@example.com
C0077,Ankit Chopra,Australia,New South Wales,Sydney,West,Wholesale,ankit.chopra77@example.com
C0078,Simran Rao,Germany,Berlin,Berlin,Central,Distributor,simran.rao78@example.com
C0079,Vijay Joshi,Germany,Berlin,Berlin,East,Wholesale,vijay.joshi79@example.com
C0080,Rahul Malhotra,India,Karnataka,Bengaluru,West,Wholesale,rahul.malhotra80@example.com
C0081,Aisha Mehta,Canada,Quebec,Montreal,East,Retail,aisha.mehta81@example.com
C0082,Vijay Khan,UK,England,London,West,Wholesale,vijay.khan82@example.com
C0083,Ankit Iyer,UK,Scotland,Edinburgh,East,Online,ankit.iyer83@example.com
C0084,Karan Sharma,Canada,Ontario,Toronto,North,Wholesale,karan.sharma84@example.com
C0085,Simran Joshi,Australia,New South Wales,Sydney,West,Distributor,simran.joshi85@example.com
C0086,Vijay Iyer,India,Maharashtra,Mumbai,East,Wholesale,vijay.iyer86@example.com
C0087,Pooja Nair,USA,Texas,Houston,Central,Online,pooja.nair87@example.com
C0088,Vijay Rao,Canada,Quebec,Montreal,West,Online,vijay.rao88@example.com
C0089,Ankit Nair,Australia,Victoria,Melbourne,East,Online,ankit.nair89@example.com
C0090,Priya Kumar,Germany,Bavaria,Munich,East,Retail,priya.kumar90@example.com
C0091,Simran Rao,Germany,Bavaria,Munich,South,Wholesale,simran.rao91@example.com
C0092,Simran Mehta,UK,Scotland,Edinburgh,North,Wholesale,simran.mehta92@example.com
C0093,Neha Verma,UK,England,London,East,Retail,neha.verma93@example.com
C0094,Simran Rao,USA,Texas,Houston,North,Retail,simran.rao94@example.com
C0095,Karan Gupta,Germany,Bavaria,Munich,West,Retail,karan.gupta95@example.com
C0096,Rahul Sharma,Canada,Quebec,Montreal,West,Distributor,rahul.sharma96@example.com
C0097,Vijay Patel,USA,California,San Francisco,East,Distributor,vijay.patel97@example.com
C0098,Ramesh Khan,India,Tamil Nadu,Chennai,West,Retail,ramesh.khan98@example.com
C0099,Sneha Chopra,Germany,Bavaria,Munich,South,Wholesale,sneha.chopra99@example.com
C0100,Aisha Bose,UK,England,London,South,Retail,aisha.bose100@example.com
C0101,Karan Iyer,Australia,New South Wales,Sydney,Central,Distributor,karan.iyer101@example.com
C0102,Vijay Malhotra,Australia,Victoria,Melbourne,Central,Distributor,vijay.malhotra102@example.com
C0103,Neha Bose,Canada,Ontario,Toronto,Central,Retail,neha.bose103@example.com
C0104,Aisha Verma,Germany,Bavaria,Munich,East,Retail,aisha.verma104@example.com
C0105,Suresh Verma,USA,California,San Francisco,South,Retail,suresh.verma105@example.com
C0106,Pooja Mehta,Germany,Berlin,Berlin,East,Retail,pooja.mehta106@example.com
C0107,Priya Gupta,Germany,Berlin,Berlin,West,Retail,priya.gupta107@example.com
C0108,Raj Verma,UK,England,London,West,Retail,raj.verma108@example.com
C0109,Karan Verma,Germany,Bavaria,Munich,East,Wholesale,karan.verma109@example.com
C0110,Ramesh Sharma,USA,Texas,Houston,Central,Online,ramesh.sharma110@example.com
C0111,Vijay Kumar,Australia,Victoria,Melbourne,West,Online,vijay.kumar111@example.com
C0112,Karan Rao,Australia,Victoria,Melbourne,North,Retail,karan.rao112@example.com
C0113,Ritu Joshi,Germany,Berlin,Berlin,Central,Online,ritu.joshi113@example.com
C0114,Amit Kumar,USA,California,San Francisco,East,Retail,amit.kumar114@example.com
C0115,Aisha Iyer,USA,Illinois,Chicago,Central,Distributor,aisha.iyer115@example.com
C0116,Ritu Gupta,USA,Illinois,Chicago,West,Retail,ritu.gupta116@example.com
C0117,Vijay Patel,Australia,Victoria,Melbourne,East,Retail,vijay.patel117@example.com
C0118,Rahul Singh,UK,Scotland,Edinburgh,West,Online,rahul.singh118@example.com
C0119,Raj Joshi,Canada,Ontario,Toronto,West,Retail,raj.joshi119@example.com
C0120,Ankit Gupta,UK,England,London,West,Retail,ankit.gupta120@example.com
C0121,Raj Khan,Canada,Quebec,Montreal,West,Retail,raj.khan121@example.com
C0122,Priya Rao,UK,Scotland,Edinburgh,West,Retail,priya.rao122@example.com
C0123,Priya Gupta,Canada,Ontario,Toronto,East,Distributor,priya.gupta123@example.com
C0124,Ritu Nair,Australia,New South Wales,Sydney,North,Wholesale,ritu.nair124@example.com
C0125,Simran Singh,UK,England,London,Central,Distributor,simran.singh125@example.com
C0126,Ramesh Verma,India,Tamil Nadu,Chennai,North,Wholesale,ramesh.verma126@example.com
C0127,Vijay Malhotra,Germany,Berlin,Berlin,Central,Online,vijay.malhotra127@example.com
C0128,Pooja Khan,Australia,Victoria,Melbourne,South,Distributor,pooja.khan128@example.com
C0129,Karan Singh,Australia,New South Wales,Sydney,Central,Wholesale,karan.singh129@example.com
C0130,Rahul Kumar,UK,Scotland,Edinburgh,East,Online,rahul.kumar130@example.com
C0131,Rahul Sharma,UK,Scotland,Edinburgh,Central,Distributor,rahul.sharma131@example.com
C0132,Rahul Singh,Australia,Victoria,Melbourne,East,Online,rahul.singh132@example.com
C0133,Karan Iyer,Canada,Quebec,Montreal,West,Online,karan.iyer133@example.com
C0134,Rahul Verma,Germany,Bavaria,Munich,Central,Distributor,rahul.verma134@example.com
C0135,Priya Khan,Australia,New South Wales,Sydney,East,Distributor,priya.khan135@example.com
C0136,Simran Malhotra,Australia,Victoria,Melbourne,South,Distributor,simran.malhotra136@example.com
C0137,Amit Singh,Canada,Quebec,Montreal,North,Distributor,amit.singh137@example.com
C0138,Ramesh Rao,Australia,New South Wales,Sydney,South,Distributor,ramesh.rao138@example.com
C0139,Rahul Chopra,USA,California,San Francisco,West,Online,rahul.chopra139@example.com
C0140,Ankit Bose,Germany,Berlin,Berlin,North,Online,ankit.bose140@example.com
C0141,Rahul Chopra,Canada,Quebec,Montreal,East,Distributor,rahul.chopra141@example.com
C0142,Rahul Rao,India,West Bengal,Kolkata,North,Wholesale,rahul.rao142@example.com
C0143,Raj Chopra,UK,England,London,North,Distributor,raj.chopra143@example.com
C0144,Ramesh Iyer,Germany,Bavaria,Munich,West,Wholesale,ramesh.iyer144@example.com
C0145,Simran Gupta,India,Maharashtra,Mumbai,East,Retail,simran.gupta145@example.com
C0146,Neha Patel,UK,Scotland,Edinburgh,South,Wholesale,neha.patel146@example.com
C0147,Karan Joshi,Canada,Ontario,Toronto,South,Wholesale,karan.joshi147@example.com
C0148,Ramesh Bose,Australia,New South Wales,Sydney,West,Wholesale,ramesh.bose148@example.com
C0149,Priya Mehta,Germany,Berlin,Berlin,West,Online,priya.mehta149@example.com
C0150,Raj Sharma,Australia,Victoria,Melbourne,Central,Wholesale,raj.sharma150@example.com
C0151,Ramesh Mehta,UK,Scotland,Edinburgh,West,Online,ramesh.mehta151@example.com
C0152,Vijay Khan,UK,England,London,West,Distributor,vijay.khan152@example.com
C0153,Ramesh Verma,Australia,Victoria,Melbourne,Central,Online,ramesh.verma153@example.com
C0154,Simran Gupta,India,Tamil Nadu,Chennai,East,Retail,simran.gupta154@example.com
C0155,Sneha Khan,Germany,Bavaria,Munich,Central,Distributor,sneha.khan155@example.com
C0156,Rahul Malhotra,UK,England,London,Central,Online,rahul.malhotra156@example.com
C0157,Priya Chopra,USA,Texas,Houston,South,Retail,priya.chopra157@example.com
C0158,Ritu Chopra,Germany,Bavaria,Munich,East,Distributor,ritu.chopra158@example.com
C0159,Amit Bose,UK,England,London,North,Online,amit.bose159@example.com
C0160,Ankit Nair,Australia,New South Wales,Sydney,South,Wholesale,ankit.nair160@example.com
C0161,Aisha Rao,UK,Scotland,Edinburgh,South,Online,aisha.rao161@example.com
C0162,Ritu Khan,Australia,Victoria,Melbourne,East,Retail,ritu.khan162@example.com
C0163,Vijay Kumar,USA,New York,New York,West,Online,vijay.kumar163@example.com
C0164,Ramesh Iyer,Australia,New South Wales,Sydney,East,Retail,ramesh.iyer164@example.com
C0165,Vijay Patel,Germany,Berlin,Berlin,Central,Distributor,vijay.patel165@example.com
C0166,Rahul Chopra,UK,England,London,South,Distributor,rahul.chopra166@example.com
C0167,Amit Bose,Canada,Quebec,Montreal,Central,Wholesale,amit.bose167@example.com
C0168,Raj Kumar,Germany,Berlin,Berlin,East,Distributor,raj.kumar168@example.com
C0169,Ramesh Singh,India,Maharashtra,Mumbai,East,Distributor,ramesh.singh169@example.com
C0170,Ramesh Kumar,USA,New York,New York,West,Distributor,ramesh.kumar170@example.com
C0171,Ankit Chopra,Germany,Berlin,Berlin,Central,Wholesale,ankit.chopra171@example.com
C0172,Ritu Joshi,Germany,Bavaria,Munich,West,Distributor,ritu.joshi172@example.com
C0173,Neha Sharma,Germany,Berlin,Berlin,South,Distributor,neha.sharma173@example.com
C0174,Vijay Verma,UK,England,London,East,Online,vijay.verma174@example.com
C0175,Amit Joshi,UK,England,London,North,Distributor,amit.joshi175@example.com
C0176,Ramesh Chopra,USA,California,San Francisco,North,Online,ramesh.chopra176@example.com
C0177,Priya Singh,Canada,Ontario,Toronto,North,Wholesale,priya.singh177@example.com
C0178,Sneha Verma,USA,Texas,Houston,South,Retail,sneha.verma178@example.com
C0179,Neha Khan,USA,New York,New York,Central,Online,neha.khan179@example.com
C0180,Aisha Singh,India,Maharashtra,Mumbai,South,Retail,aisha.singh180@example.com
C0181,Ankit Iyer,USA,Texas,Houston,North,Wholesale,ankit.iyer181@example.com
C0182,Neha Sharma,USA,Illinois,Chicago,Central,Retail,neha.sharma182@example.com
C0183,Simran Kumar,Australia,Victoria,Melbourne,East,Retail,simran.kumar183@example.com
C0184,Vijay Rao,USA,California,San Francisco,Central,Online,vijay.rao184@example.com
C0185,Vijay Chopra,India,Maharashtra,Mumbai,West,Distributor,vijay.chopra185@example.com
C0186,Pooja Chopra,India,Tamil Nadu,Chennai,West,Retail,pooja.chopra186@example.com
C0187,Ritu Kumar,UK,England,London,North,Wholesale,ritu.kumar187@example.com
C0188,Neha Bose,Germany,Berlin,Berlin,West,Online,neha.bose188@example.com
C0189,Vijay Rao,Canada,Quebec,Montreal,North,Retail,vijay.rao189@example.com
C0190,Rahul Chopra,Germany,Bavaria,Munich,West,Distributor,rahul.chopra190@example.com
C0191,Ritu Verma,Australia,Victoria,Melbourne,West,Distributor,ritu.verma191@example.com
C0192,Pooja Nair,India,Karnataka,Bengaluru,West,Online,pooja.nair192@example.com
C0193,Raj Gupta,UK,England,London,West,Retail,raj.gupta193@example.com
C0194,Ramesh Khan,India,Maharashtra,Mumbai,West,Retail,ramesh.khan194@example.com
C0195,Simran Nair,UK,England,London,Central,Retail,simran.nair195@example.com
C0196,Sneha Rao,Canada,Quebec,Montreal,North,Distributor,sneha.rao196@example.com
C0197,Ankit Khan,Germany,Berlin,Berlin,North,Online,ankit.khan197@example.com
C0198,Sneha Gupta,UK,England,London,Central,Wholesale,sneha.gupta198@example.com
C0199,Suresh Chopra,Australia,New South Wales,Sydney,North,Online,suresh.chopra199@example.com
C0200,Rahul Rao,UK,England,London,East,Wholesale,rahul.rao200@example.com
C0201,Aisha Joshi,Canada,Ontario,Toronto,Central,Online,aisha.joshi201@example.com
C0202,Amit Singh,UK,Scotland,Edinburgh,East,Online,amit.singh202@example.com
C0203,Amit Singh,USA,Illinois,Chicago,North,Wholesale,amit.singh203@example.com
C0204,Simran Chopra,India,Maharashtra,Mumbai,Central,Wholesale,simran.chopra204@example.com
C0205,Pooja Joshi,Australia,Victoria,Melbourne,South,Online,pooja.joshi205@example.com
C0206,Neha Nair,UK,England,London,North,Wholesale,neha.nair206@example.com
C0207,Suresh Iyer,Canada,Ontario,Toronto,North,Online,suresh.iyer207@example.com
C0208,Vijay Chopra,Australia,Victoria,Melbourne,Central,Distributor,vijay.chopra208@example.com
C0209,Pooja Gupta,USA,California,San Francisco,East,Distributor,pooja.gupta209@example.com
C0210,Ramesh Gupta,Germany,Berlin,Berlin,Central,Online,ramesh.gupta210@example.com
C0211,Amit Verma,Australia,New South Wales,Sydney,North,Wholesale,amit.verma211@example.com
C0212,Neha Verma,USA,Texas,Houston,East,Online,neha.verma212@example.com
C0213,Ramesh Sharma,Australia,Victoria,Melbourne,South,Wholesale,ramesh.sharma213@example.com
C0214,Pooja Rao,Germany,Bavaria,Munich,Central,Online,pooja.rao214@example.com
C0215,Ramesh Joshi,Germany,Bavaria,Munich,West,Retail,ramesh.joshi215@example.com
C0216,Vijay Malhotra,India,Karnataka,Bengaluru,Central,Distributor,vijay.malhotra216@example.com
C0217,Sneha Joshi,Germany,Berlin,Berlin,East,Retail,sneha.joshi217@example.com
C0218,Pooja Sharma,UK,England,London,Central,Distributor,pooja.sharma218@example.com
C0219,Rahul Nair,UK,England,London,West,Retail,rahul.nair219@example.com
C0220,Priya Joshi,Canada,Quebec,Montreal,Central,Retail,priya.joshi220@example.com
C0221,Pooja Khan,UK,Scotland,Edinburgh,South,Online,pooja.khan221@example.com
C0222,Aisha Singh,India,West Bengal,Kolkata,North,Wholesale,aisha.singh222@example.com
C0223,Ritu Iyer,UK,Scotland,Edinburgh,South,Wholesale,ritu.iyer223@example.com
C0224,Ramesh Singh,UK,England,London,South,Wholesale,ramesh.singh224@example.com
C0225,Aisha Iyer,Germany,Bavaria,Munich,South,Distributor,aisha.iyer225@example.com
C0226,Vijay Iyer,Canada,Quebec,Montreal,Central,Online,vijay.iyer226@example.com
C0227,Rahul Chopra,UK,England,London,West,Retail,rahul.chopra227@example.com
C0228,Vijay Mehta,Germany,Berlin,Berlin,East,Retail,vijay.mehta228@example.com
C0229,Ankit Rao,India,Karnataka,Bengaluru,West,Distributor,ankit.rao229@example.com
C0230,Amit Sharma,UK,Scotland,Edinburgh,North,Retail,amit.sharma230@example.com
C0231,Sneha Bose,Canada,Quebec,Montreal,West,Retail,sneha.bose231@example.com
C0232,Vijay Malhotra,Canada,Ontario,Toronto,East,Distributor,vijay.malhotra232@example.com
C0233,Karan Singh,India,Tamil Nadu,Chennai,North,Online,karan.singh233@example.com
C0234,Simran Kumar,Canada,Ontario,Toronto,North,Wholesale,simran.kumar234@example.com
C0235,Simran Mehta,Australia,New South Wales,Sydney,East,Online,simran.mehta235@example.com
C0236,Ritu Gupta,Australia,Victoria,Melbourne,East,Retail,ritu.gupta236@example.com
C0237,Aisha Chopra,Germany,Berlin,Berlin,North,Online,aisha.chopra237@example.com
C0238,Ramesh Rao,Germany,Berlin,Berlin,East,Online,ramesh.rao238@example.com
C0239,Simran Khan,Germany,Bavaria,Munich,East,Retail,simran.khan239@example.com
C0240,Sneha Chopra,USA,Texas,Houston,East,Distributor,sneha.chopra240@example.com
C0241,Suresh Bose,Germany,Bavaria,Munich,East,Distributor,suresh.bose241@example.com
C0242,Raj Iyer,UK,England,London,Central,Retail,raj.iyer242@example.com
C0243,Raj Chopra,Australia,Victoria,Melbourne,North,Online,raj.chopra243@example.com
C0244,Neha Singh,USA,Texas,Houston,West,Wholesale,neha.singh244@example.com
C0245,Priya Singh,USA,California,San Francisco,East,Retail,priya.singh245@example.com
C0246,Karan Iyer,Canada,Ontario,Toronto,East,Wholesale,karan.iyer246@example.com
C0247,Sneha Joshi,USA,New York,New York,South,Wholesale,sneha.joshi247@example.com
C0248,Simran Mehta,India,Tamil Nadu,Chennai,East,Wholesale,simran.mehta248@example.com
C0249,Vijay Bose,UK,Scotland,Edinburgh,South,Wholesale,vijay.bose249@example.com
C0250,Neha Iyer,Australia,New South Wales,Sydney,East,Distributor,neha.iyer250@example.com
C0251,Vijay Iyer,UK,Scotland,Edinburgh,Central,Distributor,vijay.iyer251@example.com
C0252,Suresh Khan,USA,New York,New York,East,Retail,suresh.khan252@example.com
C0253,Raj Mehta,UK,England,London,Central,Retail,raj.mehta253@example.com
C0254,Neha Kumar,USA,Texas,Houston,West,Wholesale,neha.kumar254@example.com
C0255,Rahul Joshi,India,Delhi,New Delhi,West,Online,rahul.joshi255@example.com
C0256,Ritu Sharma,Australia,New South Wales,Sydney,West,Online,ritu.sharma256@example.com
C0257,Priya Joshi,India,Karnataka,Bengaluru,South,Retail,priya.joshi257@example.com
C0258,Ankit Malhotra,India,Karnataka,Bengaluru,South,Wholesale,ankit.malhotra258@example.com
C0259,Amit Gupta,Australia,New South Wales,Sydney,West,Distributor,amit.gupta259@example.com
C0260,Sneha Sharma,India,Maharashtra,Mumbai,East,Wholesale,sneha.sharma260@example.com
C0261,Rahul Singh,Canada,Quebec,Montreal,North,Online,rahul.singh261@example.com
C0262,Priya Gupta,India,Maharashtra,Mumbai,South,Distributor,priya.gupta262@example.com
C0263,Raj Iyer,Canada,Quebec,Montreal,North,Retail,raj.iyer263@example.com
C0264,Rahul Malhotra,Australia,New South Wales,Sydney,Central,Wholesale,rahul.malhotra264@example.com
C0265,Simran Singh,UK,Scotland,Edinburgh,North,Online,simran.singh265@example.com
C0266,Priya Bose,Australia,New South Wales,Sydney,North,Online,priya.bose266@example.com
C0267,Ramesh Rao,Canada,Ontario,Toronto,West,Distributor,ramesh.rao267@example.com
C0268,Amit Chopra,Australia,Victoria,Melbourne,East,Retail,amit.chopra268@example.com
C0269,Ankit Iyer,India,Karnataka,Bengaluru,South,Retail,ankit.iyer269@example.com
C0270,Aisha Bose,Germany,Berlin,Berlin,South,Retail,aisha.bose270@example.com
C0271,Ankit Rao,UK,England,London,West,Distributor,ankit.rao271@example.com
C0272,Raj Singh,USA,California,San Francisco,West,Retail,raj.singh272@example.com
C0273,Neha Verma,India,Delhi,New Delhi,North,Online,neha.verma273@example.com
C0274,Ritu Gupta,Canada,Quebec,Montreal,Central,Distributor,ritu.gupta274@example.com
C0275,Neha Sharma,Germany,Bavaria,Munich,East,Online,neha.sharma275@example.com
C0276,Rahul Iyer,India,Karnataka,Bengaluru,East,Retail,rahul.iyer276@example.com
C0277,Aisha Patel,Australia,Victoria,Melbourne,West,Distributor,aisha.patel277@example.com
C0278,Ankit Singh,Australia,Victoria,Melbourne,East,Online,ankit.singh278@example.com
C0279,Aisha Kumar,Germany,Berlin,Berlin,North,Distributor,aisha.kumar279@example.com
C0280,Sneha Khan,USA,Texas,Houston,East,Retail,sneha.khan280@example.com
C0281,Ramesh Patel,Germany,Berlin,Berlin,East,Distributor,ramesh.patel281@example.com
C0282,Sneha Nair,Australia,New South Wales,Sydney,West,Online,sneha.nair282@example.com
C0283,Vijay Sharma,Germany,Berlin,Berlin,Central,Distributor,vijay.sharma283@example.com
C0284,Neha Chopra,India,Maharashtra,Mumbai,West,Online,neha.chopra284@example.com
C0285,Karan Iyer,Germany,Bavaria,Munich,North,Wholesale,karan.iyer285@example.com
C0286,Rahul Bose,Germany,Berlin,Berlin,North,Wholesale,rahul.bose286@example.com
C0287,Ramesh Verma,Germany,Berlin,Berlin,East,Distributor,ramesh.verma287@example.com
C0288,Sneha Sharma,Canada,Ontario,Toronto,West,Online,sneha.sharma288@example.com
C0289,Ankit Mehta,India,West Bengal,Kolkata,South,Online,ankit.mehta289@example.com
C0290,Pooja Patel,Germany,Berlin,Berlin,South,Retail,pooja.patel290@example.com
C0291,Amit Nair,USA,Illinois,Chicago,Central,Distributor,amit.nair291@example.com
C0292,Ritu Rao,India,Karnataka,Bengaluru,East,Distributor,ritu.rao292@example.com
C0293,Priya Bose,UK,Scotland,Edinburgh,South,Retail,priya.bose293@example.com
C0294,Suresh Khan,India,Tamil Nadu,Chennai,South,Distributor,suresh.khan294@example.com
C0295,Ramesh Iyer,Germany,Berlin,Berlin,East,Retail,ramesh.iyer295@example.com
C0296,Karan Rao,UK,Scotland,Edinburgh,South,Wholesale,karan.rao296@example.com
C0297,Aisha Patel,Canada,Ontario,Toronto,North,Wholesale,aisha.patel297@example.com
C0298,Aisha Singh,USA,Illinois,Chicago,North,Online,aisha.singh298@example.com
C0299,Karan Bose,UK,Scotland,Edinburgh,Central,Wholesale,karan.bose299@example.com
C0300,Sneha Malhotra,India,Maharashtra,Mumbai,East,Distributor,sneha.malhotra300@example.com
C0301,Simran Nair,Australia,Victoria,Melbourne,West,Retail,simran.nair301@example.com
C0302,Suresh Patel,Germany,Bavaria,Munich,West,Distributor,suresh.patel302@example.com
C0303,Raj Rao,UK,England,London,Central,Wholesale,raj.rao303@example.com
C0304,Aisha Singh,Australia,New South Wales,Sydney,North,Wholesale,aisha.singh304@example.com
C0305,Neha Singh,USA,Texas,Houston,South,Online,neha.singh305@example.com
C0306,Karan Malhotra,UK,England,London,East,Wholesale,karan.malhotra306@example.com
C0307,Raj Rao,UK,England,London,East,Retail,raj.rao307@example.com
C0308,Karan Chopra,USA,New York,New York,South,Online,karan.chopra308@example.com
C0309,Rahul Malhotra,Canada,Ontario,Toronto,North,Retail,rahul.malhotra309@example.com
C0310,Amit Chopra,Canada,Quebec,Montreal,South,Distributor,amit.chopra310@example.com
C0311,Sneha Chopra,India,Tamil Nadu,Chennai,Central,Online,sneha.chopra311@example.com
C0312,Raj Gupta,Australia,New South Wales,Sydney,West,Online,raj.gupta312@example.com
C0313,Vijay Kumar,Germany,Bavaria,Munich,South,Distributor,vijay.kumar313@example.com
C0314,Pooja Mehta,Australia,New South Wales,Sydney,East,Wholesale,pooja.mehta314@example.com
C0315,Ankit Khan,Germany,Berlin,Berlin,East,Distributor,ankit.khan315@example.com
C0316,Suresh Iyer,UK,England,London,East,Wholesale,suresh.iyer316@example.com
C0317,Vijay Kumar,UK,Scotland,Edinburgh,South,Wholesale,vijay.kumar317@example.com
C0318,Ramesh Sharma,UK,Scotland,Edinburgh,Central,Distributor,ramesh.sharma318@example.com
C0319,Priya Khan,USA,Texas,Houston,Central,Online,priya.khan319@example.com
C0320,Priya Iyer,USA,Illinois,Chicago,Central,Distributor,priya.iyer320@example.com
C0321,Vijay Malhotra,UK,Scotland,Edinburgh,North,Retail,vijay.malhotra321@example.com
C0322,Pooja Rao,Australia,New South Wales,Sydney,South,Online,pooja.rao322@example.com
C0323,Amit Sharma,UK,Scotland,Edinburgh,Central,Distributor,amit.sharma323@example.com
C0324,Neha Rao,India,Maharashtra,Mumbai,West,Wholesale,neha.rao324@example.com
C0325,Ritu Gupta,Germany,Berlin,Berlin,West,Online,ritu.gupta325@example.com
C0326,Amit Joshi,India,West Bengal,Kolkata,Central,Wholesale,amit.joshi326@example.com
C0327,Ankit Rao,UK,England,London,West,Distributor,ankit.rao327@example.com
C0328,Aisha Rao,UK,England,London,South,Retail,aisha.rao328@example.com
C0329,Pooja Patel,UK,Scotland,Edinburgh,South,Wholesale,pooja.patel329@example.com
C0330,Sneha Rao,Australia,New South Wales,Sydney,North,Retail,sneha.rao330@example.com
C0331,Suresh Nair,UK,Scotland,Edinburgh,Central,Distributor,suresh.nair331@example.com
C0332,Suresh Bose,Canada,Ontario,Toronto,East,Online,suresh.bose332@example.com
C0333,Suresh Joshi,Canada,Quebec,Montreal,Central,Online,suresh.joshi333@example.com
C0334,Karan Khan,Canada,Quebec,Montreal,Central,Online,karan.khan334@example.com
C0335,Vijay Khan,India,Karnataka,Bengaluru,East,Retail,vijay.khan335@example.com
C0336,Pooja Bose,UK,England,London,Central,Distributor,pooja.bose336@example.com
C0337,Neha Chopra,Canada,Ontario,Toronto,North,Distributor,neha.chopra337@example.com
C0338,Suresh Rao,Germany,Berlin,Berlin,South,Wholesale,suresh.rao338@example.com
C0339,Amit Bose,Germany,Bavaria,Munich,South,Retail,amit.bose339@example.com
C0340,Vijay Patel,Australia,New South Wales,Sydney,West,Wholesale,vijay.patel340@example.com
C0341,Pooja Rao,Canada,Quebec,Montreal,North,Wholesale,pooja.rao341@example.com
C0342,Karan Verma,Canada,Quebec,Montreal,West,Distributor,karan.verma342@example.com
C0343,Ankit Singh,Australia,Victoria,Melbourne,Central,Online,ankit.singh343@example.com
C0344,Raj Iyer,Germany,Berlin,Berlin,Central,Distributor,raj.iyer344@example.com
C0345,Priya Verma,UK,Scotland,Edinburgh,South,Online,priya.verma345@example.com
C0346,Aisha Gupta,Germany,Bavaria,Munich,West,Online,aisha.gupta346@example.com
C0347,Vijay Patel,Canada,Quebec,Montreal,East,Retail,vijay.patel347@example.com
C0348,Sneha Chopra,Canada,Quebec,Montreal,West,Online,sneha.chopra348@example.com
C0349,Aisha Iyer,USA,Texas,Houston,North,Online,aisha.iyer349@example.com
C0350,Simran Kumar,UK,Scotland,Edinburgh,East,Distributor,simran.kumar350@example.com
C0351,Priya Verma,Canada,Quebec,Montreal,Central,Online,priya.verma351@example.com
C0352,Suresh Kumar,Canada,Ontario,Toronto,South,Retail,suresh.kumar352@example.com
C0353,Raj Malhotra,Canada,Ontario,Toronto,South,Retail,raj.malhotra353@example.com
C0354,Ramesh Joshi,UK,Scotland,Edinburgh,North,Wholesale,ramesh.joshi354@example.com
C0355,Amit Rao,USA,Illinois,Chicago,West,Distributor,amit.rao355@example.com
C0356,Raj Verma,UK,Scotland,Edinburgh,East,Retail,raj.verma356@example.com
C0357,Ritu Iyer,India,West Bengal,Kolkata,South,Retail,ritu.iyer357@example.com
C0358,Ritu Malhotra,USA,Illinois,Chicago,South,Retail,ritu.malhotra358@example.com
C0359,Rahul Joshi,Australia,New South Wales,Sydney,East,Retail,rahul.joshi359@example.com
C0360,Amit Gupta,Canada,Ontario,Toronto,East,Online,amit.gupta360@example.com
C0361,Vijay Chopra,Canada,Quebec,Montreal,South,Distributor,vijay.chopra361@example.com
C0362,Neha Verma,India,Karnataka,Bengaluru,South,Distributor,neha.verma362@example.com
C0363,Raj Gupta,Germany,Bavaria,Munich,North,Online,raj.gupta363@example.com
C0364,Aisha Gupta,Canada,Ontario,Toronto,South,Distributor,aisha.gupta364@example.com
C0365,Rahul Joshi,Canada,Quebec,Montreal,North,Distributor,rahul.joshi365@example.com
C0366,Raj Kumar,USA,New York,New York,West,Online,raj.kumar366@example.com
C0367,Ritu Verma,India,Karnataka,Bengaluru,West,Wholesale,ritu.verma367@example.com
C0368,Vijay Iyer,UK,Scotland,Edinburgh,East,Retail,vijay.iyer368@example.com
C0369,Neha Chopra,UK,England,London,North,Retail,neha.chopra369@example.com
C0370,Vijay Gupta,USA,Illinois,Chicago,Central,Online,vijay.gupta370@example.com
C0371,Simran Kumar,Germany,Berlin,Berlin,East,Wholesale,simran.kumar371@example.com
C0372,Priya Singh,Australia,New South Wales,Sydney,West,Online,priya.singh372@example.com
C0373,Pooja Nair,Canada,Quebec,Montreal,Central,Wholesale,pooja.nair373@example.com
C0374,Aisha Verma,Germany,Bavaria,Munich,Central,Distributor,aisha.verma374@example.com
C0375,Karan Nair,UK,England,London,Central,Retail,karan.nair375@example.com
C0376,Amit Khan,Canada,Ontario,Toronto,Central,Wholesale,amit.khan376@example.com
C0377,Suresh Patel,Canada,Quebec,Montreal,North,Wholesale,suresh.patel377@example.com
C0378,Simran Bose,Australia,New South Wales,Sydney,Central,Distributor,simran.bose378@example.com
C0379,Aisha Sharma,Australia,New South Wales,Sydney,Central,Distributor,aisha.sharma379@example.com
C0380,Vijay Bose,India,West Bengal,Kolkata,West,Online,vijay.bose380@example.com
C0381,Simran Sharma,Australia,Victoria,Melbourne,North,Wholesale,simran.sharma381@example.com
C0382,Sneha Kumar,India,Tamil Nadu,Chennai,East,Retail,sneha.kumar382@example.com
C0383,Karan Sharma,India,Tamil Nadu,Chennai,North,Online,karan.sharma383@example.com
C0384,Pooja Singh,USA,Illinois,Chicago,East,Distributor,pooja.singh384@example.com
C0385,Vijay Khan,Australia,Victoria,Melbourne,North,Wholesale,vijay.khan385@example.com
C0386,Raj Khan,UK,England,London,South,Distributor,raj.khan386@example.com
C0387,Karan Singh,Germany,Bavaria,Munich,North,Retail,karan.singh387@example.com
C0388,Neha Mehta,Germany,Berlin,Berlin,Central,Distributor,neha.mehta388@example.com
C0389,Rahul Verma,USA,Illinois,Chicago,East,Wholesale,rahul.verma389@example.com
C0390,Neha Verma,Germany,Bavaria,Munich,North,Distributor,neha.verma390@example.com
C0391,Sneha Iyer,India,Delhi,New Delhi,South,Retail,sneha.iyer391@example.com
C0392,Ramesh Bose,India,Tamil Nadu,Chennai,Central,Retail,ramesh.bose392@example.com
C0393,Priya Nair,India,Tamil Nadu,Chennai,West,Wholesale,priya.nair393@example.com
C0394,Karan Verma,India,Delhi,New Delhi,Central,Online,karan.verma394@example.com
C0395,Priya Khan,Germany,Berlin,Berlin,Central,Online,priya.khan395@example.com
C0396,Priya Gupta,USA,New York,New York,West,Online,priya.gupta396@example.com
C0397,Neha Sharma,Canada,Ontario,Toronto,West,Distributor,neha.sharma397@example.com
C0398,Amit Patel,Germany,Berlin,Berlin,Central,Online,amit.patel398@example.com
C0399,Simran Joshi,Australia,New South Wales,Sydney,East,Distributor,simran.joshi399@example.com
C0400,Suresh Iyer,Canada,Quebec,Montreal,South,Wholesale,suresh.iyer400@example.com
C0401,Neha Khan,Germany,Bavaria,Munich,West,Retail,neha.khan401@example.com
C0402,Karan Joshi,Australia,New South Wales,Sydney,West,Wholesale,karan.joshi402@example.com
C0403,Neha Verma,UK,England,London,West,Online,neha.verma403@example.com
C0404,Ramesh Rao,Germany,Bavaria,Munich,North,Online,ramesh.rao404@example.com
C0405,Pooja Chopra,Canada,Ontario,Toronto,North,Wholesale,pooja.chopra405@example.com
C0406,Aisha Iyer,Canada,Ontario,Toronto,West,Wholesale,aisha.iyer406@example.com
C0407,Rahul Malhotra,UK,Scotland,Edinburgh,North,Wholesale,rahul.malhotra407@example.com
C0408,Ritu Verma,Germany,Bavaria,Munich,West,Wholesale,ritu.verma408@example.com
C0409,Simran Bose,Germany,Bavaria,Munich,West,Wholesale,simran.bose409@example.com
C0410,Karan Patel,UK,Scotland,Edinburgh,West,Online,karan.patel410@example.com
C0411,Neha Gupta,UK,Scotland,Edinburgh,West,Retail,neha.gupta411@example.com
C0412,Aisha Nair,Australia,Victoria,Melbourne,South,Online,aisha.nair412@example.com
C0413,Ankit Joshi,India,West Bengal,Kolkata,South,Wholesale,ankit.joshi413@example.com
C0414,Amit Gupta,Canada,Quebec,Montreal,East,Wholesale,amit.gupta414@example.com
C0415,Priya Patel,USA,Illinois,Chicago,Central,Wholesale,priya.patel415@example.com
C0416,Vijay Rao,Germany,Berlin,Berlin,East,Distributor,vijay.rao416@example.com
C0417,Simran Chopra,Germany,Berlin,Berlin,West,Wholesale,simran.chopra417@example.com
C0418,Simran Iyer,UK,England,London,South,Distributor,simran.iyer418@example.com
C0419,Suresh Malhotra,Canada,Ontario,Toronto,Central,Retail,suresh.malhotra419@example.com
C0420,Rahul Khan,India,Maharashtra,Mumbai,North,Distributor,rahul.khan420@example.com
C0421,Suresh Khan,Germany,Bavaria,Munich,North,Wholesale,suresh.khan421@example.com
C0422,Amit Verma,Canada,Quebec,Montreal,East,Retail,amit.verma422@example.com
C0423,Sneha Chopra,Germany,Berlin,Berlin,West,Retail,sneha.chopra423@example.com
C0424,Amit Rao,Canada,Quebec,Montreal,North,Retail,amit.rao424@example.com
C0425,Karan Nair,UK,Scotland,Edinburgh,North,Distributor,karan.nair425@example.com
C0426,Aisha Malhotra,USA,California,San Francisco,North,Wholesale,aisha.malhotra426@example.com
C0427,Priya Verma,Canada,Quebec,Montreal,East,Online,priya.verma427@example.com
C0428,Aisha Joshi,India,Karnataka,Bengaluru,West,Distributor,aisha.joshi428@example.com
C0429,Sneha Verma,Germany,Bavaria,Munich,East,Retail,sneha.verma429@example.com
C0430,Raj Khan,Germany,Bavaria,Munich,North,Distributor,raj.khan430@example.com
C0431,Pooja Joshi,Canada,Quebec,Montreal,North,Retail,pooja.joshi431@example.com
C0432,Simran Singh,India,Tamil Nadu,Chennai,West,Online,simran.singh432@example.com
C0433,Sneha Khan,India,West Bengal,Kolkata,North,Wholesale,sneha.khan433@example.com
C0434,Priya Malhotra,Germany,Berlin,Berlin,East,Retail,priya.malhotra434@example.com
C0435,Ritu Kumar,Germany,Berlin,Berlin,Central,Retail,ritu.kumar435@example.com
C0436,Suresh Malhotra,UK,England,London,South,Wholesale,suresh.malhotra436@example.com
C0437,Aisha Khan,Germany,Berlin,Berlin,North,Online,aisha.khan437@example.com
C0438,Suresh Bose,USA,Illinois,Chicago,Central,Online,suresh.bose438@example.com
C0439,Pooja Iyer,Germany,Bavaria,Munich,North,Online,pooja.iyer439@example.com
C0440,Amit Kumar,Australia,New South Wales,Sydney,North,Online,amit.kumar440@example.com
C0441,Sneha Iyer,Canada,Quebec,Montreal,East,Retail,sneha.iyer441@example.com
C0442,Raj Gupta,Australia,Victoria,Melbourne,South,Online,raj.gupta442@example.com
C0443,Karan Joshi,Australia,New South Wales,Sydney,Central,Distributor,karan.joshi443@example.com
C0444,Ramesh Iyer,Canada,Quebec,Montreal,South,Retail,ramesh.iyer444@example.com
C0445,Ramesh Gupta,USA,Illinois,Chicago,South,Distributor,ramesh.gupta445@example.com
C0446,Ankit Patel,India,Maharashtra,Mumbai,North,Online,ankit.patel446@example.com
C0447,Vijay Patel,UK,England,London,South,Retail,vijay.patel447@example.com
C0448,Suresh Joshi,Australia,Victoria,Melbourne,North,Retail,suresh.joshi448@example.com
C0449,Ramesh Patel,Canada,Ontario,Toronto,Central,Online,ramesh.patel449@example.com
C0450,Rahul Joshi,India,Karnataka,Bengaluru,West,Distributor,rahul.joshi450@example.com
C0451,Aisha Kumar,Germany,Bavaria,Munich,Central,Wholesale,aisha.kumar451@example.com
C0452,Raj Joshi,USA,New York,New York,East,Online,raj.joshi452@example.com
C0453,Neha Mehta,USA,California,San Francisco,South,Distributor,neha.mehta453@example.com
C0454,Neha Joshi,UK,Scotland,Edinburgh,North,Online,neha.joshi454@example.com
C0455,Neha Verma,Germany,Berlin,Berlin,Central,Wholesale,neha.verma455@example.com
C0456,Vijay Kumar,USA,Texas,Houston,North,Distributor,vijay.kumar456@example.com
C0457,Ankit Khan,Canada,Quebec,Montreal,East,Distributor,ankit.khan457@example.com
C0458,Ankit Joshi,Germany,Bavaria,Munich,East,Online,ankit.joshi458@example.com
C0459,Sneha Nair,USA,Illinois,Chicago,East,Wholesale,sneha.nair459@example.com
C0460,Pooja Patel,UK,Scotland,Edinburgh,Central,Wholesale,pooja.patel460@example.com
C0461,Ankit Joshi,UK,Scotland,Edinburgh,East,Retail,ankit.joshi461@example.com
C0462,Ritu Bose,USA,New York,New York,Central,Retail,ritu.bose462@example.com
C0463,Simran Mehta,Germany,Bavaria,Munich,West,Online,simran.mehta463@example.com
C0464,Rahul Nair,India,Tamil Nadu,Chennai,West,Wholesale,rahul.nair464@example.com
C0465,Raj Gupta,USA,Texas,Houston,South,Distributor,raj.gupta465@example.com
C0466,Aisha Joshi,India,Tamil Nadu,Chennai,Central,Distributor,aisha.joshi466@example.com
C0467,Sneha Joshi,Canada,Quebec,Montreal,Central,Retail,sneha.joshi467@example.com
C0468,Aisha Patel,Germany,Bavaria,Munich,North,Wholesale,aisha.patel468@example.com
C0469,Raj Chopra,UK,England,London,Central,Retail,raj.chopra469@example.com
C0470,Sneha Chopra,Germany,Berlin,Berlin,East,Distributor,sneha.chopra470@example.com
C0471,Ramesh Sharma,India,Karnataka,Bengaluru,South,Wholesale,ramesh.sharma471@example.com
C0472,Vijay Patel,Australia,Victoria,Melbourne,Central,Wholesale,vijay.patel472@example.com
C0473,Ankit Sharma,Australia,New South Wales,Sydney,East,Distributor,ankit.sharma473@example.com
C0474,Ritu Kumar,India,Delhi,New Delhi,East,Online,ritu.kumar474@example.com
C0475,Ankit Mehta,USA,Illinois,Chicago,East,Distributor,ankit.mehta475@example.com
C0476,Ramesh Mehta,Germany,Berlin,Berlin,East,Retail,ramesh.mehta476@example.com
C0477,Neha Sharma,Germany,Bavaria,Munich,North,Online,neha.sharma477@example.com
C0478,Raj Kumar,Germany,Bavaria,Munich,South,Wholesale,raj.kumar478@example.com
C0479,Karan Singh,UK,Scotland,Edinburgh,West,Wholesale,karan.singh479@example.com
C0480,Aisha Joshi,Germany,Bavaria,Munich,South,Distributor,aisha.joshi480@example.com
C0481,Pooja Sharma,Germany,Bavaria,Munich,West,Distributor,pooja.sharma481@example.com
C0482,Pooja Sharma,Germany,Bavaria,Munich,South,Online,pooja.sharma482@example.com
C0483,Aisha Nair,India,West Bengal,Kolkata,North,Wholesale,aisha.nair483@example.com
C0484,Ankit Patel,USA,Illinois,Chicago,North,Online,ankit.patel484@example.com
C0485,Raj Khan,Australia,Victoria,Melbourne,Central,Distributor,raj.khan485@example.com
C0486,Sneha Joshi,Canada,Ontario,Toronto,East,Online,sneha.joshi486@example.com
C0487,Rahul Mehta,Canada,Ontario,Toronto,East,Retail,rahul.mehta487@example.com
C0488,Raj Singh,UK,England,London,South,Online,raj.singh488@example.com
C0489,Ramesh Singh,UK,England,London,Central,Distributor,ramesh.singh489@example.com
C0490,Pooja Bose,USA,Illinois,Chicago,West,Wholesale,pooja.bose490@example.com
C0491,Vijay Chopra,Canada,Ontario,Toronto,Central,Wholesale,vijay.chopra491@example.com
C0492,Vijay Gupta,USA,New York,New York,East,Distributor,vijay.gupta492@example.com
C0493,Sneha Sharma,UK,England,London,West,Wholesale,sneha.sharma493@example.com
C0494,Priya Khan,Australia,Victoria,Melbourne,West,Distributor,priya.khan494@example.com
C0495,Pooja Nair,Australia,Victoria,Melbourne,South,Retail,pooja.nair495@example.com
C0496,Sneha Sharma,USA,Texas,Houston,North,Online,sneha.sharma496@example.com
C0497,Priya Rao,UK,England,London,West,Distributor,priya.rao497@example.com
C0498,Karan Rao,India,West Bengal,Kolkata,North,Online,karan.rao498@example.com
C0499,Aisha Rao,UK,England,London,West,Wholesale,aisha.rao499@example.com
C0500,Pooja Kumar,Germany,Bavaria,Munich,East,Retail,pooja.kumar500@example.com
C0501,Vijay Gupta,UK,England,London,West,Retail,vijay.gupta501@example.com
C0502,Aisha Iyer,USA,New York,New York,Central,Online,aisha.iyer502@example.com
C0503,Rahul Nair,Canada,Quebec,Montreal,South,Wholesale,rahul.nair503@example.com
C0504,Aisha Verma,USA,California,San Francisco,Central,Online,aisha.verma504@example.com
C0505,Karan Gupta,Canada,Ontario,Toronto,East,Online,karan.gupta505@example.com
C0506,Neha Bose,UK,England,London,South,Distributor,neha.bose506@example.com
C0507,Ritu Sharma,UK,England,London,South,Wholesale,ritu.sharma507@example.com
C0508,Suresh Nair,UK,England,London,West,Distributor,suresh.nair508@example.com
C0509,Suresh Bose,Germany,Berlin,Berlin,West,Distributor,suresh.bose509@example.com
C0510,Vijay Kumar,Germany,Bavaria,Munich,West,Online,vijay.kumar510@example.com
C0511,Simran Malhotra,UK,Scotland,Edinburgh,West,Online,simran.malhotra511@example.com
C0512,Sneha Sharma,Germany,Bavaria,Munich,West,Online,sneha.sharma512@example.com
C0513,Rahul Kumar,Canada,Quebec,Montreal,South,Distributor,rahul.kumar513@example.com
C0514,Rahul Verma,Australia,Victoria,Melbourne,East,Online,rahul.verma514@example.com
C0515,Ankit Rao,Canada,Ontario,Toronto,Central,Distributor,ankit.rao515@example.com
C0516,Aisha Patel,Germany,Bavaria,Munich,North,Retail,aisha.patel516@example.com
C0517,Raj Iyer,Australia,New South Wales,Sydney,North,Wholesale,raj.iyer517@example.com
C0518,Vijay Mehta,India,Tamil Nadu,Chennai,South,Wholesale,vijay.mehta518@example.com
C0519,Ritu Chopra,UK,England,London,East,Retail,ritu.chopra519@example.com
C0520,Raj Patel,UK,England,London,East,Wholesale,raj.patel520@example.com
C0521,Amit Joshi,Germany,Berlin,Berlin,South,Distributor,amit.joshi521@example.com
C0522,Raj Kumar,Germany,Bavaria,Munich,North,Wholesale,raj.kumar522@example.com
C0523,Vijay Kumar,USA,New York,New York,Central,Distributor,vijay.kumar523@example.com
C0524,Amit Sharma,Germany,Berlin,Berlin,North,Distributor,amit.sharma524@example.com
C0525,Simran Singh,Australia,New South Wales,Sydney,South,Distributor,simran.singh525@example.com
C0526,Ramesh Nair,India,Maharashtra,Mumbai,East,Online,ramesh.nair526@example.com
C0527,Ritu Gupta,USA,Illinois,Chicago,South,Wholesale,ritu.gupta527@example.com
C0528,Ramesh Rao,Canada,Ontario,Toronto,Central,Wholesale,ramesh.rao528@example.com
C0529,Vijay Patel,Germany,Bavaria,Munich,South,Distributor,vijay.patel529@example.com
C0530,Sneha Chopra,Australia,New South Wales,Sydney,North,Retail,sneha.chopra530@example.com
C0531,Suresh Iyer,India,West Bengal,Kolkata,West,Online,suresh.iyer531@example.com
C0532,Pooja Patel,USA,New York,New York,East,Retail,pooja.patel532@example.com
C0533,Priya Rao,Canada,Quebec,Montreal,North,Online,priya.rao533@example.com
C0534,Priya Rao,Canada,Ontario,Toronto,West,Online,priya.rao534@example.com
C0535,Raj Sharma,USA,Illinois,Chicago,West,Retail,raj.sharma535@example.com
C0536,Priya Mehta,Germany,Bavaria,Munich,Central,Retail,priya.mehta536@example.com
C0537,Ankit Malhotra,UK,England,London,West,Distributor,ankit.malhotra537@example.com
C0538,Ankit Rao,Germany,Bavaria,Munich,West,Retail,ankit.rao538@example.com
C0539,Amit Bose,India,Maharashtra,Mumbai,East,Wholesale,amit.bose539@example.com
C0540,Amit Malhotra,India,Tamil Nadu,Chennai,Central,Online,amit.malhotra540@example.com
C0541,Raj Nair,Canada,Quebec,Montreal,West,Distributor,raj.nair541@example.com
C0542,Ramesh Chopra,Canada,Ontario,Toronto,East,Retail,ramesh.chopra542@example.com
C0543,Neha Kumar,Canada,Ontario,Toronto,South,Online,neha.kumar543@example.com
C0544,Pooja Bose,Germany,Bavaria,Munich,East,Distributor,pooja.bose544@example.com
C0545,Simran Khan,USA,California,San Francisco,South,Retail,simran.khan545@example.com
C0546,Ritu Joshi,India,Tamil Nadu,Chennai,Central,Retail,ritu.joshi546@example.com
C0547,Neha Chopra,Germany,Bavaria,Munich,North,Retail,neha.chopra547@example.com
C0548,Simran Singh,Germany,Bavaria,Munich,South,Distributor,simran.singh548@example.com
C0549,Ankit Rao,Canada,Quebec,Montreal,South,Online,ankit.rao549@example.com
C0550,Suresh Nair,UK,England,London,North,Online,suresh.nair550@example.com
C0551,Aisha Joshi,UK,England,London,East,Retail,aisha.joshi551@example.com
C0552,Vijay Mehta,Canada,Quebec,Montreal,North,Distributor,vijay.mehta552@example.com
C0553,Rahul Bose,USA,Texas,Houston,South,Online,rahul.bose553@example.com
C0554,Aisha Kumar,Canada,Ontario,Toronto,South,Retail,aisha.kumar554@example.com
C0555,Amit Khan,India,Delhi,New Delhi,North,Distributor,amit.khan555@example.com
C0556,Ankit Joshi,USA,New York,New York,North,Distributor,ankit.joshi556@example.com
C0557,Priya Patel,USA,Illinois,Chicago,East,Online,priya.patel557@example.com
C0558,Rahul Kumar,Canada,Quebec,Montreal,North,Retail,rahul.kumar558@example.com
C0559,Suresh Verma,Canada,Ontario,Toronto,West,Retail,suresh.verma559@example.com
C0560,Ritu Mehta,UK,Scotland,Edinburgh,East,Retail,ritu.mehta560@example.com
C0561,Karan Mehta,India,Karnataka,Bengaluru,South,Online,karan.mehta561@example.com
C0562,Sneha Iyer,UK,England,London,West,Online,sneha.iyer562@example.com
C0563,Sneha Mehta,USA,New York,New York,South,Retail,sneha.mehta563@example.com
C0564,Ritu Joshi,India,Delhi,New Delhi,Central,Online,ritu.joshi564@example.com
C0565,Raj Khan,Germany,Bavaria,Munich,East,Retail,raj.khan565@example.com
C0566,Aisha Chopra,Australia,Victoria,Melbourne,North,Wholesale,aisha.chopra566@example.com
C0567,Karan Verma,Australia,Victoria,Melbourne,North,Wholesale,karan.verma567@example.com
C0568,Simran Gupta,India,Maharashtra,Mumbai,South,Distributor,simran.gupta568@example.com
C0569,Simran Malhotra,UK,Scotland,Edinburgh,North,Retail,simran.malhotra569@example.com
C0570,Karan Singh,Germany,Berlin,Berlin,North,Retail,karan.singh570@example.com
C0571,Pooja Chopra,USA,New York,New York,East,Online,pooja.chopra571@example.com
C0572,Rahul Patel,Australia,Victoria,Melbourne,East,Distributor,rahul.patel572@example.com
C0573,Neha Verma,India,Delhi,New Delhi,South,Retail,neha.verma573@example.com
C0574,Suresh Kumar,USA,Illinois,Chicago,West,Online,suresh.kumar574@example.com
C0575,Pooja Kumar,Canada,Quebec,Montreal,South,Distributor,pooja.kumar575@example.com
C0576,Neha Mehta,UK,England,London,North,Wholesale,neha.mehta576@example.com
C0577,Aisha Chopra,UK,England,London,South,Online,aisha.chopra577@example.com
C0578,Suresh Kumar,Germany,Bavaria,Munich,East,Distributor,suresh.kumar578@example.com
C0579,Karan Sharma,Germany,Berlin,Berlin,East,Wholesale,karan.sharma579@example.com
C0580,Amit Joshi,Australia,New South Wales,Sydney,North,Distributor,amit.joshi580@example.com
C0581,Ramesh Iyer,USA,California,San Francisco,North,Retail,ramesh.iyer581@example.com
C0582,Rahul Iyer,USA,New York,New York,South,Distributor,rahul.iyer582@example.com
C0583,Ankit Chopra,Germany,Bavaria,Munich,Central,Online,ankit.chopra583@example.com
C0584,Ritu Khan,India,Maharashtra,Mumbai,North,Wholesale,ritu.khan584@example.com
C0585,Ritu Chopra,Australia,New South Wales,Sydney,North,Online,ritu.chopra585@example.com
C0586,Ramesh Sharma,Australia,New South Wales,Sydney,South,Distributor,ramesh.sharma586@example.com
C0587,Rahul Nair,Australia,Victoria,Melbourne,North,Distributor,rahul.nair587@example.com
C0588,Raj Joshi,USA,Texas,Houston,South,Wholesale,raj.joshi588@example.com
C0589,Neha Gupta,Australia,New South Wales,Sydney,North,Wholesale,neha.gupta589@example.com
C0590,Raj Gupta,Australia,Victoria,Melbourne,Central,Distributor,raj.gupta590@example.com
C0591,Amit Kumar,UK,Scotland,Edinburgh,South,Distributor,amit.kumar591@example.com
C0592,Priya Chopra,Canada,Ontario,Toronto,Central,Retail,priya.chopra592@example.com
C0593,Pooja Iyer,Germany,Berlin,Berlin,West,Distributor,pooja.iyer593@example.com
C0594,Ankit Malhotra,Canada,Quebec,Montreal,West,Online,ankit.malhotra594@example.com
C0595,Suresh Sharma,UK,England,London,North,Online,suresh.sharma595@example.com
C0596,Amit Iyer,Australia,Victoria,Melbourne,Central,Wholesale,amit.iyer596@example.com
C0597,Suresh Kumar,USA,New York,New York,East,Retail,suresh.kumar597@example.com
C0598,Aisha Verma,Canada,Quebec,Montreal,East,Wholesale,aisha.verma598@example.com
C0599,Suresh Verma,Canada,Quebec,Montreal,East,Retail,suresh.verma599@example.com
C0600,Simran Nair,UK,England,London,Central,Wholesale,simran.nair600@example.com
C0601,Rahul Iyer,Australia,Victoria,Melbourne,South,Distributor,rahul.iyer601@example.com
C0602,Amit Kumar,India,Delhi,New Delhi,Central,Wholesale,amit.kumar602@example.com
C0603,Amit Rao,Australia,New South Wales,Sydney,East,Wholesale,amit.rao603@example.com
C0604,Aisha Singh,UK,England,London,East,Retail,aisha.singh604@example.com
C0605,Amit Singh,Canada,Ontario,Toronto,North,Online,amit.singh605@example.com
C0606,Ramesh Patel,Germany,Berlin,Berlin,Central,Retail,ramesh.patel606@example.com
C0607,Ankit Gupta,UK,England,London,South,Distributor,ankit.gupta607@example.com
C0608,Aisha Chopra,Australia,Victoria,Melbourne,South,Online,aisha.chopra608@example.com
C0609,Priya Chopra,Canada,Ontario,Toronto,West,Online,priya.chopra609@example.com
C0610,Simran Nair,UK,England,London,South,Retail,simran.nair610@example.com
C0611,Simran Bose,Australia,New South Wales,Sydney,South,Online,simran.bose611@example.com
C0612,Ritu Iyer,Canada,Ontario,Toronto,Central,Retail,ritu.iyer612@example.com
C0613,Ritu Mehta,USA,Texas,Houston,North,Wholesale,ritu.mehta613@example.com
C0614,Ankit Patel,USA,California,San Francisco,East,Distributor,ankit.patel614@example.com
C0615,Amit Gupta,USA,New York,New York,North,Online,amit.gupta615@example.com
C0616,Neha Iyer,India,Maharashtra,Mumbai,North,Distributor,neha.iyer616@example.com
C0617,Vijay Nair,Australia,New South Wales,Sydney,West,Distributor,vijay.nair617@example.com
C0618,Ritu Joshi,UK,Scotland,Edinburgh,North,Distributor,ritu.joshi618@example.com
C0619,Aisha Khan,Canada,Ontario,Toronto,South,Distributor,aisha.khan619@example.com
C0620,Ramesh Iyer,India,Karnataka,Bengaluru,North,Online,ramesh.iyer620@example.com
C0621,Neha Kumar,India,Karnataka,Bengaluru,South,Distributor,neha.kumar621@example.com
C0622,Suresh Nair,India,West Bengal,Kolkata,North,Online,suresh.nair622@example.com
C0623,Sneha Bose,Australia,New South Wales,Sydney,West,Wholesale,sneha.bose623@example.com
C0624,Sneha Malhotra,Australia,New South Wales,Sydney,North,Retail,sneha.malhotra624@example.com
C0625,Ankit Verma,USA,Illinois,Chicago,Central,Online,ankit.verma625@example.com
C0626,Raj Gupta,UK,England,London,North,Retail,raj.gupta626@example.com
C0627,Pooja Bose,Canada,Quebec,Montreal,South,Retail,pooja.bose627@example.com
C0628,Ankit Sharma,Australia,New South Wales,Sydney,East,Distributor,ankit.sharma628@example.com
C0629,Priya Kumar,India,Delhi,New Delhi,South,Online,priya.kumar629@example.com
C0630,Ramesh Mehta,India,Karnataka,Bengaluru,West,Distributor,ramesh.mehta630@example.com
C0631,Vijay Malhotra,Germany,Berlin,Berlin,North,Distributor,vijay.malhotra631@example.com
C0632,Suresh Patel,Australia,Victoria,Melbourne,South,Distributor,suresh.patel632@example.com
C0633,Amit Gupta,Australia,Victoria,Melbourne,East,Wholesale,amit.gupta633@example.com
C0634,Rahul Gupta,Canada,Ontario,Toronto,South,Retail,rahul.gupta634@example.com
C0635,Ramesh Chopra,UK,Scotland,Edinburgh,Central,Wholesale,ramesh.chopra635@example.com
C0636,Karan Sharma,Australia,Victoria,Melbourne,Central,Distributor,karan.sharma636@example.com
C0637,Sneha Malhotra,USA,Illinois,Chicago,East,Retail,sneha.malhotra637@example.com
C0638,Pooja Malhotra,Germany,Bavaria,Munich,Central,Wholesale,pooja.malhotra638@example.com
C0639,Ramesh Iyer,Australia,New South Wales,Sydney,South,Wholesale,ramesh.iyer639@example.com
C0640,Aisha Verma,USA,California,San Francisco,West,Retail,aisha.verma640@example.com
C0641,Raj Joshi,USA,New York,New York,Central,Online,raj.joshi641@example.com
C0642,Ankit Malhotra,Germany,Bavaria,Munich,North,Distributor,ankit.malhotra642@example.com
C0643,Karan Joshi,Canada,Quebec,Montreal,East,Distributor,karan.joshi643@example.com
C0644,Ritu Khan,India,West Bengal,Kolkata,Central,Distributor,ritu.khan644@example.com
C0645,Ramesh Joshi,USA,New York,New York,Central,Retail,ramesh.joshi645@example.com
C0646,Ritu Kumar,Canada,Ontario,Toronto,East,Online,ritu.kumar646@example.com
C0647,Ritu Joshi,UK,Scotland,Edinburgh,West,Distributor,ritu.joshi647@example.com
C0648,Amit Singh,UK,Scotland,Edinburgh,South,Distributor,amit.singh648@example.com
C0649,Amit Joshi,UK,England,London,North,Distributor,amit.joshi649@example.com
C0650,Ritu Gupta,UK,England,London,East,Online,ritu.gupta650@example.com
C0651,Neha Gupta,Australia,New South Wales,Sydney,South,Wholesale,neha.gupta651@example.com
C0652,Neha Nair,Australia,Victoria,Melbourne,East,Distributor,neha.nair652@example.com
C0653,Sneha Chopra,India,Delhi,New Delhi,West,Wholesale,sneha.chopra653@example.com
C0654,Ritu Khan,Australia,Victoria,Melbourne,Central,Online,ritu.khan654@example.com
C0655,Rahul Sharma,Canada,Ontario,Toronto,North,Online,rahul.sharma655@example.com
C0656,Simran Rao,Australia,New South Wales,Sydney,Central,Retail,simran.rao656@example.com
C0657,Suresh Verma,USA,California,San Francisco,South,Retail,suresh.verma657@example.com
C0658,Vijay Sharma,UK,England,London,East,Online,vijay.sharma658@example.com
C0659,Rahul Mehta,Canada,Quebec,Montreal,North,Retail,rahul.mehta659@example.com
C0660,Priya Patel,Australia,Victoria,Melbourne,South,Distributor,priya.patel660@example.com
C0661,Sneha Rao,UK,Scotland,Edinburgh,South,Online,sneha.rao661@example.com
C0662,Simran Khan,Germany,Bavaria,Munich,East,Retail,simran.khan662@example.com
C0663,Pooja Sharma,USA,New York,New York,South,Wholesale,pooja.sharma663@example.com
C0664,Raj Verma,UK,Scotland,Edinburgh,Central,Retail,raj.verma664@example.com
C0665,Rahul Iyer,Germany,Bavaria,Munich,West,Wholesale,rahul.iyer665@example.com
C0666,Raj Singh,Canada,Ontario,Toronto,South,Online,raj.singh666@example.com
C0667,Sneha Iyer,UK,Scotland,Edinburgh,West,Distributor,sneha.iyer667@example.com
C0668,Rahul Patel,Australia,Victoria,Melbourne,South,Distributor,rahul.patel668@example.com
C0669,Neha Chopra,Canada,Quebec,Montreal,Central,Retail,neha.chopra669@example.com
C0670,Amit Rao,Germany,Berlin,Berlin,Central,Online,amit.rao670@example.com
C0671,Neha Chopra,India,Tamil Nadu,Chennai,North,Online,neha.chopra671@example.com
C0672,Neha Chopra,UK,Scotland,Edinburgh,East,Online,neha.chopra672@example.com
C0673,Priya Singh,Canada,Ontario,Toronto,North,Distributor,priya.singh673@example.com
C0674,Raj Patel,Germany,Bavaria,Munich,North,Distributor,raj.patel674@example.com
C0675,Neha Gupta,Australia,Victoria,Melbourne,West,Retail,neha.gupta675@example.com
C0676,Sneha Nair,Canada,Ontario,Toronto,East,Wholesale,sneha.nair676@example.com
C0677,Raj Rao,Germany,Berlin,Berlin,East,Online,raj.rao677@example.com
C0678,Rahul Singh,Germany,Bavaria,Munich,East,Retail,rahul.singh678@example.com
C0679,Vijay Singh,Germany,Berlin,Berlin,Central,Wholesale,vijay.singh679@example.com
C0680,Raj Malhotra,UK,England,London,South,Online,raj.malhotra680@example.com
C0681,Priya Nair,UK,Scotland,Edinburgh,East,Online,priya.nair681@example.com
C0682,Neha Bose,UK,Scotland,Edinburgh,North,Distributor,neha.bose682@example.com
C0683,Amit Khan,Germany,Bavaria,Munich,West,Wholesale,amit.khan683@example.com
C0684,Karan Kumar,Germany,Berlin,Berlin,Central,Online,karan.kumar684@example.com
C0685,Pooja Sharma,USA,New York,New York,South,Online,pooja.sharma685@example.com
C0686,Pooja Bose,Australia,New South Wales,Sydney,East,Wholesale,pooja.bose686@example.com
C0687,Aisha Kumar,Australia,Victoria,Melbourne,South,Online,aisha.kumar687@example.com
C0688,Raj Sharma,India,Tamil Nadu,Chennai,East,Wholesale,raj.sharma688@example.com
C0689,Aisha Iyer,USA,New York,New York,West,Retail,aisha.iyer689@example.com
C0690,Suresh Bose,Australia,Victoria,Melbourne,West,Distributor,suresh.bose690@example.com
C0691,Vijay Joshi,India,Maharashtra,Mumbai,Central,Wholesale,vijay.joshi691@example.com
C0692,Simran Patel,India,Karnataka,Bengaluru,Central,Wholesale,simran.patel692@example.com
C0693,Amit Chopra,India,Delhi,New Delhi,South,Online,amit.chopra693@example.com
C0694,Neha Singh,India,Tamil Nadu,Chennai,Central,Online,neha.singh694@example.com
C0695,Suresh Kumar,India,Karnataka,Bengaluru,East,Distributor,suresh.kumar695@example.com
C0696,Simran Rao,Canada,Quebec,Montreal,West,Wholesale,simran.rao696@example.com
C0697,Ankit Malhotra,Australia,Victoria,Melbourne,South,Wholesale,ankit.malhotra697@example.com
C0698,Ritu Malhotra,Australia,New South Wales,Sydney,South,Wholesale,ritu.malhotra698@example.com
C0699,Simran Singh,USA,California,San Francisco,Central,Wholesale,simran.singh699@example.com
C0700,Ramesh Patel,Germany,Bavaria,Munich,West,Online,ramesh.patel700@example.com
C0701,Aisha Rao,Canada,Ontario,Toronto,Central,Retail,aisha.rao701@example.com
C0702,Raj Kumar,Germany,Bavaria,Munich,North,Retail,raj.kumar702@example.com
C0703,Pooja Mehta,Australia,New South Wales,Sydney,Central,Online,pooja.mehta703@example.com
C0704,Vijay Nair,USA,New York,New York,North,Online,vijay.nair704@example.com
C0705,Pooja Chopra,India,West Bengal,Kolkata,East,Wholesale,pooja.chopra705@example.com
C0706,Pooja Khan,India,West Bengal,Kolkata,Central,Retail,pooja.khan706@example.com
C0707,Neha Kumar,India,Tamil Nadu,Chennai,South,Wholesale,neha.kumar707@example.com
C0708,Aisha Gupta,Canada,Ontario,Toronto,East,Distributor,aisha.gupta708@example.com
C0709,Neha Singh,India,West Bengal,Kolkata,West,Wholesale,neha.singh709@example.com
C0710,Simran Malhotra,Australia,Victoria,Melbourne,South,Retail,simran.malhotra710@example.com
C0711,Amit Chopra,India,Maharashtra,Mumbai,Central,Distributor,amit.chopra711@example.com
C0712,Suresh Kumar,Canada,Ontario,Toronto,North,Online,suresh.kumar712@example.com
C0713,Raj Verma,Australia,Victoria,Melbourne,East,Distributor,raj.verma713@example.com
C0714,Amit Kumar,USA,California,San Francisco,East,Online,amit.kumar714@example.com
C0715,Aisha Chopra,UK,Scotland,Edinburgh,North,Retail,aisha.chopra715@example.com
C0716,Rahul Iyer,India,Maharashtra,Mumbai,South,Wholesale,rahul.iyer716@example.com
C0717,Ankit Patel,Australia,Victoria,Melbourne,North,Online,ankit.patel717@example.com
C0718,Rahul Patel,USA,California,San Francisco,West,Distributor,rahul.patel718@example.com
C0719,Vijay Gupta,Australia,Victoria,Melbourne,West,Wholesale,vijay.gupta719@example.com
C0720,Ramesh Singh,Germany,Bavaria,Munich,South,Retail,ramesh.singh720@example.com
C0721,Pooja Malhotra,Canada,Quebec,Montreal,Central,Distributor,pooja.malhotra721@example.com
C0722,Suresh Bose,Australia,Victoria,Melbourne,Central,Retail,suresh.bose722@example.com
C0723,Rahul Chopra,Germany,Bavaria,Munich,West,Distributor,rahul.chopra723@example.com
C0724,Ramesh Malhotra,Australia,Victoria,Melbourne,North,Retail,ramesh.malhotra724@example.com
C0725,Neha Chopra,UK,England,London,Central,Wholesale,neha.chopra725@example.com
C0726,Raj Khan,UK,England,London,West,Wholesale,raj.khan726@example.com
C0727,Vijay Patel,Germany,Berlin,Berlin,South,Retail,vijay.patel727@example.com
C0728,Amit Chopra,USA,Illinois,Chicago,West,Wholesale,amit.chopra728@example.com
C0729,Ramesh Iyer,Australia,Victoria,Melbourne,South,Online,ramesh.iyer729@example.com
C0730,Neha Sharma,Canada,Ontario,Toronto,Central,Distributor,neha.sharma730@example.com
C0731,Pooja Khan,USA,California,San Francisco,West,Distributor,pooja.khan731@example.com
C0732,Aisha Bose,Australia,New South Wales,Sydney,West,Distributor,aisha.bose732@example.com
C0733,Ankit Kumar,Australia,New South Wales,Sydney,North,Distributor,ankit.kumar733@example.com
C0734,Pooja Sharma,Canada,Ontario,Toronto,North,Online,pooja.sharma734@example.com
C0735,Ritu Rao,Canada,Ontario,Toronto,West,Online,ritu.rao735@example.com
C0736,Ankit Khan,India,Delhi,New Delhi,West,Online,ankit.khan736@example.com
C0737,Karan Iyer,Canada,Quebec,Montreal,East,Distributor,karan.iyer737@example.com
C0738,Ramesh Kumar,Germany,Bavaria,Munich,North,Online,ramesh.kumar738@example.com
C0739,Ankit Khan,Germany,Berlin,Berlin,Central,Online,ankit.khan739@example.com
C0740,Simran Kumar,India,Delhi,New Delhi,West,Wholesale,simran.kumar740@example.com
C0741,Rahul Nair,Germany,Berlin,Berlin,North,Online,rahul.nair741@example.com
C0742,Sneha Verma,USA,California,San Francisco,West,Wholesale,sneha.verma742@example.com
C0743,Vijay Khan,USA,Texas,Houston,North,Distributor,vijay.khan743@example.com
C0744,Amit Malhotra,Germany,Bavaria,Munich,West,Distributor,amit.malhotra744@example.com
C0745,Raj Bose,Canada,Ontario,Toronto,West,Retail,raj.bose745@example.com
C0746,Karan Nair,India,West Bengal,Kolkata,West,Distributor,karan.nair746@example.com
C0747,Ritu Rao,USA,New York,New York,South,Retail,ritu.rao747@example.com
C0748,Pooja Chopra,Canada,Quebec,Montreal,Central,Distributor,pooja.chopra748@example.com
C0749,Pooja Bose,Germany,Bavaria,Munich,East,Distributor,pooja.bose749@example.com
C0750,Ankit Gupta,Australia,New South Wales,Sydney,South,Distributor,ankit.gupta750@example.com
C0751,Sneha Nair,Germany,Berlin,Berlin,Central,Online,sneha.nair751@example.com
C0752,Simran Nair,Canada,Ontario,Toronto,South,Wholesale,simran.nair752@example.com
C0753,Sneha Nair,UK,Scotland,Edinburgh,South,Wholesale,sneha.nair753@example.com
C0754,Karan Rao,Germany,Berlin,Berlin,North,Online,karan.rao754@example.com
C0755,Karan Mehta,Canada,Quebec,Montreal,Central,Online,karan.mehta755@example.com
C0756,Ritu Khan,Australia,New South Wales,Sydney,Central,Retail,ritu.khan756@example.com
C0757,Amit Joshi,USA,California,San Francisco,North,Wholesale,amit.joshi757@example.com
C0758,Neha Iyer,USA,Texas,Houston,East,Wholesale,neha.iyer758@example.com
C0759,Rahul Sharma,Germany,Berlin,Berlin,South,Retail,rahul.sharma759@example.com
C0760,Ankit Khan,Australia,New South Wales,Sydney,Central,Wholesale,ankit.khan760@example.com
C0761,Simran Chopra,Canada,Quebec,Montreal,South,Online,simran.chopra761@example.com
C0762,Simran Chopra,India,Tamil Nadu,Chennai,West,Distributor,simran.chopra762@example.com
C0763,Aisha Chopra,UK,England,London,North,Online,aisha.chopra763@example.com
C0764,Priya Bose,Australia,New South Wales,Sydney,East,Wholesale,priya.bose764@example.com
C0765,Aisha Nair,USA,Texas,Houston,West,Wholesale,aisha.nair765@example.com
C0766,Raj Kumar,USA,New York,New York,Central,Retail,raj.kumar766@example.com
C0767,Pooja Sharma,Australia,Victoria,Melbourne,Central,Online,pooja.sharma767@example.com
C0768,Suresh Singh,Canada,Quebec,Montreal,North,Online,suresh.singh768@example.com
C0769,Vijay Nair,USA,California,San Francisco,South,Online,vijay.nair769@example.com
C0770,Sneha Sharma,Germany,Berlin,Berlin,West,Online,sneha.sharma770@example.com
C0771,Ramesh Iyer,Germany,Berlin,Berlin,Central,Wholesale,ramesh.iyer771@example.com
C0772,Suresh Rao,India,West Bengal,Kolkata,South,Distributor,suresh.rao772@example.com
C0773,Karan Rao,Australia,New South Wales,Sydney,East,Wholesale,karan.rao773@example.com
C0774,Ritu Verma,Germany,Berlin,Berlin,East,Online,ritu.verma774@example.com
C0775,Neha Verma,Canada,Quebec,Montreal,Central,Retail,neha.verma775@example.com
C0776,Ramesh Chopra,UK,Scotland,Edinburgh,South,Wholesale,ramesh.chopra776@example.com
C0777,Amit Chopra,UK,Scotland,Edinburgh,North,Distributor,amit.chopra777@example.com
C0778,Neha Rao,Germany,Berlin,Berlin,North,Online,neha.rao778@example.com
C0779,Karan Iyer,Canada,Quebec,Montreal,West,Retail,karan.iyer779@example.com
C0780,Neha Malhotra,Germany,Bavaria,Munich,East,Retail,neha.malhotra780@example.com
C0781,Ramesh Singh,Canada,Ontario,Toronto,North,Wholesale,ramesh.singh781@example.com
C0782,Raj Chopra,USA,Illinois,Chicago,North,Wholesale,raj.chopra782@example.com
C0783,Karan Khan,Germany,Berlin,Berlin,North,Wholesale,karan.khan783@example.com
C0784,Amit Mehta,Germany,Berlin,Berlin,North,Retail,amit.mehta784@example.com
C0785,Ramesh Sharma,USA,Texas,Houston,Central,Retail,ramesh.sharma785@example.com
C0786,Sneha Khan,USA,Texas,Houston,West,Distributor,sneha.khan786@example.com
C0787,Vijay Chopra,Australia,Victoria,Melbourne,East,Retail,vijay.chopra787@example.com
C0788,Pooja Chopra,India,West Bengal,Kolkata,North,Retail,pooja.chopra788@example.com
C0789,Aisha Nair,Canada,Ontario,Toronto,North,Online,aisha.nair789@example.com
C0790,Ritu Rao,India,Karnataka,Bengaluru,East,Retail,ritu.rao790@example.com
C0791,Neha Iyer,Australia,Victoria,Melbourne,West,Retail,neha.iyer791@example.com
C0792,Vijay Singh,Canada,Ontario,Toronto,South,Distributor,vijay.singh792@example.com
C0793,Aisha Iyer,Canada,Quebec,Montreal,South,Online,aisha.iyer793@example.com
C0794,Raj Malhotra,Germany,Berlin,Berlin,North,Wholesale,raj.malhotra794@example.com
C0795,Ramesh Sharma,India,West Bengal,Kolkata,Central,Distributor,ramesh.sharma795@example.com
C0796,Karan Rao,India,Karnataka,Bengaluru,South,Online,karan.rao796@example.com
C0797,Priya Joshi,Germany,Bavaria,Munich,South,Wholesale,priya.joshi797@example.com
C0798,Priya Bose,UK,England,London,North,Wholesale,priya.bose798@example.com
C0799,Raj Iyer,Canada,Ontario,Toronto,Central,Distributor,raj.iyer799@example.com
C0800,Raj Rao,India,Karnataka,Bengaluru,North,Online,raj.rao800@example.com
